[{"entrytime":"2014-09-10T05:01:00-07:00","CarModel":{"Make":"Honda","Model":"CRV","VehicleType":1,"VehicleWeight":0.0},"State":"NY","TollAmount":7.0,"Tag":0,"TollId":1,"LicensePlate":"JNB 7001"},{"entrytime":"2014-09-10T05:02:00-07:00","CarModel":{"Make":"Toyota","Model":"Camry","VehicleType":1,"VehicleWeight":0.0},"State":"NY","TollAmount":4.0,"Tag":123456789,"TollId":1,"LicensePlate":"YXZ 1001"},{"entrytime":"2014-09-10T05:02:00-07:00","CarModel":{"Make":"Ford","Model":"Taurus","VehicleType":1,"VehicleWeight":0.0},"State":"CT","TollAmount":5.0,"Tag":456789123,"TollId":3,"LicensePlate":"ABC 1004"},{"entrytime":"2014-09-10T05:03:00-07:00","CarModel":{"Make":"Toyota","Model":"Corolla","VehicleType":1,"VehicleWeight":0.0},"State":"CT","TollAmount":4.0,"Tag":0,"TollId":2,"LicensePlate":"XYZ 1003"},{"entrytime":"2014-09-10T05:03:00-07:00","CarModel":{"Make":"Honda","Model":"CRV","VehicleType":1,"VehicleWeight":0.0},"State":"NY","TollAmount":5.0,"Tag":789123456,"TollId":1,"LicensePlate":"BNJ 1007"},{"entrytime":"2014-09-10T05:05:00-07:00","CarModel":{"Make":"Toyota","Model":"4x4","VehicleType":1,"VehicleWeight":0.0},"State":"NJ","TollAmount":6.0,"Tag":321987654,"TollId":2,"LicensePlate":"CDE 1007"},{"entrytime":"2014-09-10T05:06:00-07:00","CarModel":{"Make":"Toyota","Model":"Camry","VehicleType":1,"VehicleWeight":0.0},"State":"NY","TollAmount":5.5,"Tag":567891234,"TollId":2,"LicensePlate":"BAC 1005"},{"entrytime":"2014-09-10T05:07:00-07:00","CarModel":{"Make":"Honda","Model":"Accord","VehicleType":1,"VehicleWeight":0.0},"State":"NY","TollAmount":6.0,"Tag":234567891,"TollId":1,"LicensePlate":"ZYX 1002"},{"entrytime":"2014-09-10T05:07:00-07:00","CarModel":{"Make":"Toyota","Model":"Camry","VehicleType":1,"VehicleWeight":0.0},"State":"PA","TollAmount":4.0,"Tag":987654321,"TollId":2,"LicensePlate":"ZXY 1001"},{"entrytime":"2014-09-10T05:08:00-07:00","CarModel":{"Make":"Ford","Model":"Mustang","VehicleType":1,"VehicleWeight":0.0},"State":"PA","TollAmount":4.5,"Tag":891234567,"TollId":3,"LicensePlate":"CBA 1008"},{"entrytime":"2014-09-10T05:09:00-07:00","CarModel":{"Make":"Volvo","Model":"S80","VehicleType":1,"VehicleWeight":0.0},"State":"NY","TollAmount":5.5,"Tag":654321987,"TollId":2,"LicensePlate":"DCB 1004"},{"entrytime":"2014-09-10T05:09:00-07:00","CarModel":{"Make":"Volvo","Model":"C30","VehicleType":1,"VehicleWeight":0.0},"State":"PA","TollAmount":5.0,"Tag":765432198,"TollId":2,"LicensePlate":"CDB 1003"},{"entrytime":"2014-09-10T05:09:00-07:00","CarModel":{"Make":"Volvo","Model":"V70","VehicleType":1,"VehicleWeight":0.0},"State":"NY","TollAmount":4.5,"Tag":912345678,"TollId":3,"LicensePlate":"YZX 1009"},{"entrytime":"2014-09-10T05:10:00-07:00","CarModel":{"Make":"Toyota","Model":"Rav4","VehicleType":1,"VehicleWeight":0.0},"State":"NY","TollAmount":5.5,"Tag":876543219,"TollId":3,"LicensePlate":"BCD 1002"},{"entrytime":"2014-09-10T05:10:00-07:00","CarModel":{"Make":"Toyota","Model":"Camry","VehicleType":1,"VehicleWeight":0.0},"State":"NY","TollAmount":4.0,"Tag":543219876,"TollId":1,"LicensePlate":"CBD 1005"},{"entrytime":"2014-09-10T05:11:00-07:00","CarModel":{"Make":"Ford","Model":"Focus","VehicleType":1,"VehicleWeight":0.0},"State":"CT","TollAmount":4.5,"Tag":678912345,"TollId":1,"LicensePlate":"NJB 1006"},{"entrytime":"2014-09-10T05:12:00-07:00","CarModel":{"Make":"Chevy","Model":"Malibu","VehicleType":1,"VehicleWeight":0.0},"State":"NJ","TollAmount":6.0,"Tag":219876543,"TollId":3,"LicensePlate":"PAC 1209"},{"entrytime":"2014-09-10T05:15:00-07:00","CarModel":{"Make":"Peterbilt","Model":"389","VehicleType":2,"VehicleWeight":2.675},"State":"PA","TollAmount":15.5,"Tag":567891234,"TollId":2,"LicensePlate":"BAC 1005"},{"entrytime":"2014-09-10T05:15:00-07:00","CarModel":{"Make":"Ford","Model":"Focus","VehicleType":1,"VehicleWeight":0.0},"State":"NJ","TollAmount":4.0,"Tag":198765432,"TollId":3,"LicensePlate":"EDC 3109"},{"entrytime":"2014-09-10T05:18:00-07:00","CarModel":{"Make":"Toyota","Model":"Corolla","VehicleType":1,"VehicleWeight":0.0},"State":"NY","TollAmount":4.0,"Tag":0,"TollId":2,"LicensePlate":"DEC 1008"},{"entrytime":"2014-09-10T05:20:00-07:00","CarModel":{"Make":"Honda","Model":"Civic","VehicleType":1,"VehicleWeight":0.0},"State":"NY","TollAmount":5.0,"Tag":432198765,"TollId":1,"LicensePlate":"DBC 1006"},{"entrytime":"2014-09-10T05:20:00-07:00","CarModel":{"Make":"Honda","Model":"Civic","VehicleType":1,"VehicleWeight":0.0},"State":"NJ","TollAmount":4.0,"Tag":345678912,"TollId":2,"LicensePlate":"APC 2019"},{"entrytime":"2014-09-10T05:22:00-07:00","CarModel":{"Make":"Honda","Model":"Accord","VehicleType":1,"VehicleWeight":0.0},"State":"NJ","TollAmount":4.0,"Tag":0,"TollId":1,"LicensePlate":"EDC 1019"}]
