[{
    "exittime": "2014-09-10T05:03:00-07:00",
    "TollId": 1,
    "LicensePlate": "JNB 7001"
}, {
    "exittime": "2014-09-10T05:03:00-07:00",
    "TollId": 1,
    "LicensePlate": "YXZ 1001"
}, {
    "exittime": "2014-09-10T05:04:00-07:00",
    "TollId": 3,
    "LicensePlate": "ABC 1004"
}, {
    "exittime": "2014-09-10T05:07:00-07:00",
    "TollId": 2,
    "LicensePlate": "XYZ 1003"
}, {
    "exittime": "2014-09-10T05:08:00-07:00",
    "TollId": 1,
    "LicensePlate": "BNJ 1007"
}, {
    "exittime": "2014-09-10T05:07:00-07:00",
    "TollId": 2,
    "LicensePlate": "CDE 1007"
}, {
    "exittime": "2014-09-10T05:09:00-07:00",
    "TollId": 2,
    "LicensePlate": "BAC 1005"
}, {
    "exittime": "2014-09-10T05:10:00-07:00",
    "TollId": 1,
    "LicensePlate": "ZYX 1002"
}, {
    "exittime": "2014-09-10T05:10:00-07:00",
    "TollId": 2,
    "LicensePlate": "ZXY 1001"
}, {
    "exittime": "2014-09-10T05:10:00-07:00",
    "TollId": 3,
    "LicensePlate": "CBA 1008"
}, {
    "exittime": "2014-09-10T05:11:00-07:00",
    "TollId": 2,
    "LicensePlate": "DCB 1004"
}, {
    "exittime": "2014-09-10T05:16:00-07:00",
    "TollId": 2,
    "LicensePlate": "CDB 1003"
}, {
    "exittime": "2014-09-10T05:10:00-07:00",
    "TollId": 3,
    "LicensePlate": "YZX 1009"
}, {
    "exittime": "2014-09-10T05:12:00-07:00",
    "TollId": 3,
    "LicensePlate": "BCD 1002"
}, {
    "exittime": "2014-09-10T05:14:00-07:00",
    "TollId": 1,
    "LicensePlate": "CBD 1005"
}, {
    "exittime": "2014-09-10T05:13:00-07:00",
    "TollId": 1,
    "LicensePlate": "NJB 1006"
}, {
    "exittime": "2014-09-10T05:15:00-07:00",
    "TollId": 3,
    "LicensePlate": "PAC 1209"
}, {
    "exittime": "2014-09-10T05:22:00-07:00",
    "TollId": 2,
    "LicensePlate": "BAC 1005"
}, {
    "exittime": "2014-09-10T05:18:00-07:00",
    "TollId": 3,
    "LicensePlate": "EDC 3109"
}, {
    "exittime": "2014-09-10T05:20:00-07:00",
    "TollId": 2,
    "LicensePlate": "DEC 1008"
}, {
    "exittime": "2014-09-10T05:22:00-07:00",
    "TollId": 1,
    "LicensePlate": "DBC 1006"
}, {
    "exittime": "2014-09-10T05:23:00-07:00",
    "TollId": 2,
    "LicensePlate": "APC 2019"
}, {
    "exittime": "2014-09-10T05:25:00-07:00",
    "TollId": 1,
    "LicensePlate": "EDC 1019"
}]